time;water_temp;tds;ph;ph_range;tds_range;temp_range
00.00.41;27.8125;1488.44409;6.93371;Optimal;Optimal;Optimal
00.02.43;27.80938;1489.9176;6.93201;Optimal;Optimal;Optimal
00.04.44;27.8125;1489.66455;6.93341;Optimal;Optimal;Optimal
00.06.44;27.8125;1480.98767;6.93017;Optimal;Optimal;Optimal
00.08.44;27.8125;1481.60291;6.93033;Optimal;Optimal;Optimal
00.10.44;27.80938;1482.97388;6.93003;Optimal;Optimal;Optimal
00.12.44;27.79062;1481.09546;6.93054;Optimal;Optimal;Optimal
00.14.45;27.7625;1482.36877;6.9314;Optimal;Optimal;Optimal
00.16.46;27.77188;1484.31934;6.93029;Optimal;Optimal;Optimal
00.18.45;27.7625;1484.56543;6.932;Optimal;Optimal;Optimal
00.20.46;27.75;1483.8667;6.93007;Optimal;Optimal;Optimal
00.22.47;27.725;1484.03589;6.93088;Optimal;Optimal;Optimal
00.24.46;27.74375;1481.24927;6.93349;Optimal;Optimal;Optimal
00.26.47;27.71563;1485.28796;6.93263;Optimal;Optimal;Optimal
00.28.47;27.6875;1485.47644;6.93203;Optimal;Optimal;Optimal
00.30.46;27.68438;1485.02075;6.93309;Optimal;Optimal;Optimal
00.32.47;27.68125;1484.89429;6.93232;Optimal;Optimal;Optimal
00.34.48;27.65625;1484.34436;6.93215;Optimal;Optimal;Optimal
00.36.48;27.625;1485.63428;6.93181;Optimal;Optimal;Optimal
00.38.48;27.625;1483.43799;6.93151;Optimal;Optimal;Optimal
00.40.48;27.625;1481.84839;6.93134;Optimal;Optimal;Optimal
00.42.48;27.59687;1481.78015;6.93084;Optimal;Optimal;Optimal
00.44.49;27.59687;1478.54785;6.93286;Optimal;Optimal;Optimal
00.46.49;27.5625;1477.54346;6.93191;Optimal;Optimal;Optimal
00.48.49;27.56562;1479.89478;6.9319;Optimal;Optimal;Optimal
00.50.50;27.53437;1478.36694;6.93269;Optimal;Optimal;Optimal
00.52.50;27.54062;1482.50269;6.93264;Optimal;Optimal;Optimal
00.54.50;27.525;1470.49927;6.93319;Optimal;Optimal;Optimal
00.56.50;27.50312;1472.36511;6.9319;Optimal;Optimal;Optimal
00.58.52;27.5;1471.96191;6.93315;Optimal;Optimal;Optimal
01.00.54;27.49375;1446.42798;6.93223;Optimal;Optimal;Optimal
01.02.57;27.475;1461.57056;6.93239;Optimal;Optimal;Optimal
01.04.57;27.45;1443.24963;6.93367;Optimal;Optimal;Optimal
01.06.58;27.44062;1458.32214;6.93278;Optimal;Optimal;Optimal
01.08.56;27.4375;1464.20447;6.932;Optimal;Optimal;Optimal
01.10.57;27.43125;1458.39417;6.93324;Optimal;Optimal;Optimal
01.12.57;27.39688;1443.17932;6.93391;Optimal;Optimal;Optimal
01.14.57;27.375;1444.56311;6.93208;Optimal;Optimal;Optimal
01.16.57;27.375;1446.38342;6.93161;Optimal;Optimal;Optimal
01.18.57;27.35938;1460.91675;6.93083;Optimal;Optimal;Optimal
01.20.58;27.3625;1457.63855;6.931;Optimal;Optimal;Optimal
01.22.59;27.33125;1459.46472;6.93162;Optimal;Optimal;Optimal
01.25.00;27.31875;1472.65076;6.9325;Optimal;Optimal;Optimal
01.26.59;27.3125;1484.24902;6.93469;Optimal;Optimal;Optimal
01.28.59;27.3;1474.51587;6.93202;Optimal;Optimal;Optimal
01.31.00;27.26875;1472.59167;6.93243;Optimal;Optimal;Optimal
01.33.00;27.25;1460.54041;6.93201;Optimal;Optimal;Optimal
01.35.02;27.25625;1463.84082;6.9314;Optimal;Optimal;Optimal
01.39.01;27.25;1465.51599;6.93189;Optimal;Optimal;Optimal
01.41.01;27.21563;1465.55298;6.93143;Optimal;Optimal;Optimal
01.43.02;27.22187;1469.10083;6.93197;Optimal;Optimal;Optimal
01.45.02;27.1875;1470.92493;6.93104;Optimal;Optimal;Optimal
01.47.02;27.1875;1468.32593;6.93122;Optimal;Optimal;Optimal
01.49.03;27.1875;1471.68066;6.93147;Optimal;Optimal;Optimal
01.51.04;27.18438;1474.70679;6.93246;Optimal;Optimal;Optimal
01.53.03;27.17188;1473.23352;6.93188;Optimal;Optimal;Optimal
01.55.04;27.12812;1473.19727;6.93344;Optimal;Optimal;Optimal
01.57.04;27.12812;1475.62549;6.93169;Optimal;Optimal;Optimal
01.59.04;27.125;1477.35083;6.93051;Optimal;Optimal;Optimal
02.01.05;27.12188;1473.37695;6.9312;Optimal;Optimal;Optimal
02.03.04;27.06875;1444.54578;6.92986;Optimal;Optimal;Optimal
02.05.04;27.0625;1464.27454;6.93031;Optimal;Optimal;Optimal
02.07.05;27.05938;1437.70825;6.93072;Optimal;Optimal;Optimal
02.09.05;27.0625;1450.79248;6.93055;Optimal;Optimal;Optimal
02.11.04;27.03437;1455.63745;6.93306;Optimal;Optimal;Optimal
02.13.04;27.0125;1457.45642;6.93486;Optimal;Optimal;Optimal
02.15.05;27;1457.78589;6.93417;Optimal;Optimal;Optimal
02.17.06;27;1468.97437;6.93459;Optimal;Optimal;Optimal
02.19.07;26.97812;1466.81079;6.93756;Optimal;Optimal;Optimal
02.21.06;26.96563;1469.88538;6.93441;Optimal;Optimal;Optimal
02.23.06;26.9375;1473.11377;6.93391;Optimal;Optimal;Optimal
02.25.05;26.93125;1466.36841;6.93337;Optimal;Optimal;Optimal
02.27.06;26.9375;1482.29651;6.93391;Optimal;Optimal;Optimal
02.29.06;26.89375;1467.00195;6.93334;Optimal;Optimal;Optimal
02.31.07;26.88125;1467.51941;6.93113;Optimal;Optimal;Optimal
02.33.08;26.875;1462.34009;6.93085;Optimal;Optimal;Optimal
02.35.07;26.86875;1444.29175;6.93088;Optimal;Optimal;Optimal
02.37.07;26.8625;1459.73523;6.92835;Optimal;Optimal;Optimal
02.39.07;26.83125;1453.32642;6.92982;Optimal;Optimal;Optimal
02.41.09;26.8125;1449.08032;6.9328;Optimal;Optimal;Optimal
02.43.08;26.80625;1450.43921;6.93457;Optimal;Optimal;Optimal
02.45.08;26.80625;1453.81226;6.93329;Optimal;Optimal;Optimal
02.47.07;3.6875;1846.86975;6.93075;Optimal;Optimal;Dingin
02.49.07;26.75;1424.00452;6.93104;Optimal;Optimal;Optimal
02.51.07;19.0375;1472.49561;6.92772;Optimal;Optimal;Dingin
02.53.07;3.65;2605.59448;6.92924;Optimal;Tinggi;Dingin
02.55.07;26.6875;1313.44226;6.9299;Optimal;Optimal;Optimal
02.57.07;26.6875;1452.94177;6.92977;Optimal;Optimal;Optimal
02.59.07;19.00312;1535.51257;6.92847;Optimal;Optimal;Dingin
03.01.07;26.6875;1308.8219;6.92907;Optimal;Optimal;Optimal
03.03.07;26.675;1309.45776;6.9326;Optimal;Optimal;Optimal
03.05.07;26.625;1309.94604;6.93086;Optimal;Optimal;Optimal
03.07.07;26.64375;1309.81226;6.93206;Optimal;Optimal;Optimal
03.09.07;18.95;1524.88867;6.92757;Optimal;Optimal;Dingin
03.11.07;26.625;1375.79138;6.92923;Optimal;Optimal;Optimal
03.13.07;18.94375;1461.85913;6.92893;Optimal;Optimal;Dingin
03.15.07;3.58125;1954.88574;6.93012;Optimal;Optimal;Dingin
03.17.07;26.625;1303.98987;6.92751;Optimal;Optimal;Optimal
03.19.08;18.90937;1409.28674;6.92649;Optimal;Optimal;Dingin
03.21.07;18.88437;1525.04187;6.92982;Optimal;Optimal;Dingin
03.23.08;26.5625;1307.86157;6.93014;Optimal;Optimal;Optimal
03.25.08;26.5625;1302.92969;6.92951;Optimal;Optimal;Optimal
03.27.08;26.55625;1304.66809;6.93156;Optimal;Optimal;Optimal
03.29.10;26.55625;1310.80786;6.93002;Optimal;Optimal;Optimal
03.31.10;26.55;1301.5697;6.93127;Optimal;Optimal;Optimal
03.33.10;26.5;1302.49744;6.92991;Optimal;Optimal;Optimal
03.35.10;26.5;1305.22412;6.93062;Optimal;Optimal;Optimal
03.37.10;26.50312;1301.51221;6.93201;Optimal;Optimal;Optimal
03.39.10;18.825;1447.48218;6.93289;Optimal;Optimal;Dingin
03.41.12;26.5;1302.56433;6.9306;Optimal;Optimal;Optimal
03.43.11;18.8125;1444.65308;6.93007;Optimal;Optimal;Dingin
03.45.12;26.49688;1299.05811;6.92997;Optimal;Optimal;Optimal
03.47.14;18.7875;1436.87488;6.93083;Optimal;Optimal;Dingin
03.49.14;18.80938;1470.82068;6.9287;Optimal;Optimal;Dingin
03.51.13;26.4375;1301.9939;6.93052;Optimal;Optimal;Optimal
03.53.14;26.4375;1303.25427;6.92854;Optimal;Optimal;Optimal
03.55.15;26.4375;1380.28638;6.93086;Optimal;Optimal;Optimal
03.57.14;26.42813;1297.54993;6.93089;Optimal;Optimal;Optimal
03.59.14;26.39062;1305.45801;6.93029;Optimal;Optimal;Optimal
04.01.14;26.3875;1375.17407;6.93202;Optimal;Optimal;Optimal
04.03.14;26.375;1299.77637;6.92908;Optimal;Optimal;Optimal
04.05.14;26.38437;1297.20557;6.9304;Optimal;Optimal;Optimal
04.07.14;26.39688;1298.13257;6.92804;Optimal;Optimal;Optimal
04.09.15;26.375;1293.31714;6.92811;Optimal;Optimal;Optimal
04.11.15;26.375;1310.4375;6.92675;Optimal;Optimal;Optimal
04.13.15;26.375;1307.88989;6.92799;Optimal;Optimal;Optimal
04.15.15;26.36875;1309.44495;6.928;Optimal;Optimal;Optimal
04.17.15;26.33125;1331.50525;6.92764;Optimal;Optimal;Optimal
04.19.16;18.65;1417.58984;6.9298;Optimal;Optimal;Dingin
04.21.17;26.3125;1306.12427;6.93122;Optimal;Optimal;Optimal
04.23.17;26.3125;1309.47729;6.928;Optimal;Optimal;Optimal
04.25.17;26.3125;1308.72217;6.9299;Optimal;Optimal;Optimal
04.27.17;26.30313;1306.49963;6.92989;Optimal;Optimal;Optimal
04.29.17;26.30625;1306.16968;6.92878;Optimal;Optimal;Optimal
04.31.18;18.64688;1327.04077;6.93263;Optimal;Optimal;Dingin
04.33.18;26.27813;1303.64368;6.93177;Optimal;Optimal;Optimal
04.35.18;26.26875;1308.77307;6.9315;Optimal;Optimal;Optimal
04.37.19;18.5875;1345.22754;6.93239;Optimal;Optimal;Dingin
04.39.19;26.25625;1336.92651;6.93199;Optimal;Optimal;Optimal
04.41.21;26.24688;1292.58325;6.93271;Optimal;Optimal;Optimal
04.43.21;26.24063;1296.1167;6.93251;Optimal;Optimal;Optimal
04.45.22;26.21563;1296.67371;6.92972;Optimal;Optimal;Optimal
04.47.22;18.55938;1385.2356;6.93019;Optimal;Optimal;Dingin
04.49.22;26.19375;1297.15857;6.9301;Optimal;Optimal;Optimal
04.51.22;26.1875;1293.40051;6.93098;Optimal;Optimal;Optimal
04.53.22;18.54375;1364.79492;6.9297;Optimal;Optimal;Dingin
04.55.22;26.1875;1295.64612;6.92974;Optimal;Optimal;Optimal
04.57.22;26.1875;1294.00854;6.92754;Optimal;Optimal;Optimal
04.59.23;26.1875;1296.58508;6.92952;Optimal;Optimal;Optimal
05.01.23;26.1875;1294.53308;6.92821;Optimal;Optimal;Optimal
05.03.24;26.18438;1312.68054;6.9282;Optimal;Optimal;Optimal
05.05.24;18.52813;1475.3811;6.93182;Optimal;Optimal;Dingin
05.07.24;26.1875;1445.47949;6.93067;Optimal;Optimal;Optimal
05.09.26;26.1875;1287.99878;6.92937;Optimal;Optimal;Optimal
05.11.26;26.18438;1270.22412;6.93064;Optimal;Optimal;Optimal
05.13.25;26.15;1260.89575;6.93051;Optimal;Optimal;Optimal
05.15.25;26.16562;1254.11035;6.92786;Optimal;Optimal;Optimal
05.17.25;26.16562;1245.72913;6.92877;Optimal;Optimal;Optimal
05.19.25;26.17188;1241.60474;6.92876;Optimal;Optimal;Optimal
05.21.26;26.1625;1228.2981;6.92882;Optimal;Optimal;Optimal
05.23.26;26.15;1231.3772;6.92984;Optimal;Optimal;Optimal
05.25.27;26.17813;1223.78442;6.92985;Optimal;Optimal;Optimal
05.27.27;26.175;1217.99219;6.92915;Optimal;Optimal;Optimal
05.29.27;26.15;1218.0105;6.93064;Optimal;Optimal;Optimal
05.31.27;26.12812;1215.50818;6.93194;Optimal;Optimal;Optimal
05.33.27;26.125;1227.50537;6.93326;Optimal;Optimal;Optimal
05.35.30;26.125;1228.79248;6.92866;Optimal;Optimal;Optimal
05.37.28;26.125;1225.71826;6.92761;Optimal;Optimal;Optimal
05.39.28;26.125;1199.3385;6.92713;Optimal;Optimal;Optimal
05.41.28;26.125;1220.08398;6.93057;Optimal;Optimal;Optimal
05.43.30;26.15313;1217.64502;6.92886;Optimal;Optimal;Optimal
05.45.29;26.1625;1219.79688;6.92701;Optimal;Optimal;Optimal
05.47.29;26.18438;1179.88171;6.92639;Optimal;Optimal;Optimal
05.49.29;26.17813;1221.08264;6.92888;Optimal;Optimal;Optimal
05.51.29;18.52813;1431.20593;6.92723;Optimal;Optimal;Dingin
05.53.29;26.21563;1218.18286;6.92914;Optimal;Optimal;Optimal
05.55.29;26.2375;1220.69434;6.92633;Optimal;Optimal;Optimal
05.57.29;26.25;1220.25513;6.92758;Optimal;Optimal;Optimal
05.59.31;26.25;1219.25073;6.92857;Optimal;Optimal;Optimal
06.01.31;18.5875;1376.73364;6.92538;Optimal;Optimal;Dingin
06.03.32;26.25625;1215.55249;6.92735;Optimal;Optimal;Optimal
06.05.31;26.30313;1212.54407;6.92669;Optimal;Optimal;Optimal
06.07.31;26.31562;1211.05542;6.92537;Optimal;Optimal;Optimal
06.09.32;26.32187;1202.24414;6.92766;Optimal;Optimal;Optimal
06.11.32;26.3625;1194.2887;6.92741;Optimal;Optimal;Optimal
06.13.32;26.375;1198.16577;6.926;Optimal;Optimal;Optimal
06.15.33;18.72187;1277.98669;6.92621;Optimal;Optimal;Dingin
06.17.33;26.425;1187.01733;6.92838;Optimal;Optimal;Optimal
06.19.33;26.4375;1192.65967;6.9305;Optimal;Optimal;Optimal
06.21.34;26.46875;1187.90588;6.92843;Optimal;Optimal;Optimal
06.23.34;26.5;1344.43811;6.92864;Optimal;Optimal;Optimal
06.25.36;26.5125;1154.70898;6.93038;Optimal;Optimal;Optimal
06.27.36;26.55938;1139.4231;6.93105;Optimal;Optimal;Optimal
06.29.37;26.5625;1132.83862;6.92838;Optimal;Optimal;Optimal
06.31.36;26.6;1145.99976;6.92378;Optimal;Optimal;Optimal
06.33.37;26.625;1148.26794;6.92787;Optimal;Optimal;Optimal
06.35.38;26.68125;1144.46582;6.9262;Optimal;Optimal;Optimal
06.37.38;26.69062;1142.53564;6.92744;Optimal;Optimal;Optimal
06.39.38;26.73125;1140.78088;6.92957;Optimal;Optimal;Optimal
06.41.38;26.75;1141.47485;6.92799;Optimal;Optimal;Optimal
06.43.41;26.80938;1141.52771;6.92977;Optimal;Optimal;Optimal
06.45.40;26.825;1125.40845;6.92924;Optimal;Optimal;Optimal
06.47.40;26.875;1129.16113;6.92951;Optimal;Optimal;Optimal
06.49.40;26.91875;1127.46545;6.92864;Optimal;Optimal;Optimal
06.51.41;19.24063;1225.06555;6.92836;Optimal;Optimal;Dingin
06.53.40;27;1112.40784;6.9297;Optimal;Optimal;Optimal
06.55.42;27.01875;1110.09253;6.92898;Optimal;Optimal;Optimal
06.57.41;27.0625;1110.23157;6.92948;Optimal;Optimal;Optimal
06.59.41;27.125;1108.66687;6.9294;Optimal;Optimal;Optimal
07.01.42;27.15313;1102.40356;6.92896;Optimal;Optimal;Optimal
07.03.43;27.1875;1102.59253;6.92938;Optimal;Optimal;Optimal
07.05.42;27.25;1099.17029;6.92566;Optimal;Optimal;Optimal
07.07.43;27.3125;1094.66284;6.92441;Optimal;Optimal;Optimal
07.09.42;27.35;1094.95898;6.92824;Optimal;Optimal;Optimal
07.11.43;27.37812;1098.68982;6.92667;Optimal;Optimal;Optimal
07.13.44;27.4375;1094.35779;6.92759;Optimal;Optimal;Optimal
07.15.46;27.49688;1092.6748;6.92692;Optimal;Optimal;Optimal
07.17.49;27.55313;1094.302;6.92707;Optimal;Optimal;Optimal
07.19.46;27.59063;1091.2478;6.92716;Optimal;Optimal;Optimal
07.21.46;27.65313;1092.64319;6.92717;Optimal;Optimal;Optimal
07.23.48;27.71875;1089.78149;6.92814;Optimal;Optimal;Optimal
07.25.48;27.75;1128.66333;6.9298;Optimal;Optimal;Optimal
07.27.48;27.8125;1081.86841;6.92943;Optimal;Optimal;Optimal
07.29.48;27.87188;1096.71985;6.93114;Optimal;Optimal;Optimal
07.31.48;27.92813;1092.6803;6.92813;Optimal;Optimal;Optimal
07.33.48;27.98125;1097.43945;6.92644;Optimal;Optimal;Optimal
07.35.48;28.05625;1106.41846;6.92766;Optimal;Optimal;Optimal
07.37.50;28.07812;1242.37573;6.92837;Optimal;Optimal;Optimal
07.39.50;28.1375;1102.9646;6.92763;Optimal;Optimal;Optimal
07.41.51;28.20625;1106.13342;6.92607;Optimal;Optimal;Optimal
07.43.51;12.75937;1317.22729;6.92691;Optimal;Optimal;Dingin
07.45.51;28.31562;1189.9917;6.92772;Optimal;Optimal;Optimal
07.47.51;28.39062;1348.34717;6.92912;Optimal;Optimal;Optimal
07.49.53;28.49375;1194.40088;6.92872;Optimal;Optimal;Optimal
07.51.53;28.5625;1353.08521;6.92889;Optimal;Optimal;Optimal
07.53.55;28.625;1207.34021;6.92899;Optimal;Optimal;Optimal
07.55.53;28.6875;1178.76245;6.93091;Optimal;Optimal;Optimal
07.57.54;28.75;1193.65784;6.92866;Optimal;Optimal;Optimal
07.59.54;28.85625;1172.39001;6.92732;Optimal;Optimal;Optimal
08.01.55;28.9125;1217.91248;6.9268;Optimal;Optimal;Optimal
08.05.54;29.05625;1278.7738;6.92943;Optimal;Optimal;Optimal
08.07.56;29.11875;1146.88281;6.92979;Optimal;Optimal;Optimal
08.09.56;29.2;1147.55347;6.93052;Optimal;Optimal;Optimal
08.11.55;29.3125;1150.07629;6.93005;Optimal;Optimal;Optimal
08.13.56;29.4125;1144.05054;6.92902;Optimal;Optimal;Optimal
08.15.57;29.5;1142.04077;6.92857;Optimal;Optimal;Optimal
08.17.57;29.62188;1129.09436;6.92896;Optimal;Optimal;Optimal
08.19.58;29.725;1119.48779;6.92926;Optimal;Optimal;Optimal
08.21.59;29.85;1125.99341;6.92962;Optimal;Optimal;Optimal
08.24.00;29.9875;1110.7301;6.93041;Optimal;Optimal;Optimal
08.26.00;30.12188;1108.5304;6.92853;Optimal;Optimal;Panas
08.28.00;30.24688;1101.99915;6.92959;Optimal;Optimal;Panas
08.30.01;30.40625;1100.95679;6.93041;Optimal;Optimal;Panas
08.32.03;30.5625;1100.17847;6.92982;Optimal;Optimal;Panas
08.34.01;30.69375;1096.29102;6.93134;Optimal;Optimal;Panas
08.36.02;30.85938;1088.04163;6.93135;Optimal;Optimal;Panas
08.38.02;31.00937;1087.32056;6.9309;Optimal;Optimal;Panas
08.40.02;31.18438;1080.5824;6.93189;Optimal;Optimal;Panas
08.42.03;31.36563;1082.57166;6.93149;Optimal;Optimal;Panas
08.44.05;31.5125;1076.74084;6.93016;Optimal;Optimal;Panas
08.46.04;31.69062;1066.65906;6.92978;Optimal;Optimal;Panas
08.48.04;31.86875;1062.65503;6.93017;Optimal;Optimal;Panas
08.50.07;32.03437;1059.552;6.9313;Optimal;Optimal;Panas
08.52.09;32.25;1054.35474;6.92986;Optimal;Optimal;Panas
08.54.08;32.4375;1058.24158;6.92823;Optimal;Optimal;Panas
08.56.08;32.625;1045.75415;6.92934;Optimal;Optimal;Panas
08.58.09;32.8;1037.57129;6.93047;Optimal;Optimal;Panas
09.00.09;32.94062;1036.55786;6.92867;Optimal;Optimal;Panas
09.02.10;33.125;1037.89319;6.92984;Optimal;Optimal;Panas
09.04.10;33.2625;1035.37488;6.92786;Optimal;Optimal;Panas
09.06.12;33.43438;1025.96741;6.92942;Optimal;Optimal;Panas
09.08.11;33.55938;1024.45349;6.92881;Optimal;Optimal;Panas
09.10.11;33.69062;1023.31018;6.92873;Optimal;Optimal;Panas
09.12.13;33.84375;1020.09247;6.92899;Optimal;Optimal;Panas
09.14.12;33.96875;745.94659;6.92973;Optimal;Rendah;Panas
09.16.13;34.0625;1063.63855;6.92742;Optimal;Optimal;Panas
09.18.13;34.05625;1109.05383;6.92786;Optimal;Optimal;Panas
09.20.13;34.0125;1125.09448;6.92858;Optimal;Optimal;Panas
09.22.14;33.97187;1117.40149;6.92759;Optimal;Optimal;Panas
09.24.14;33.9375;1107.65332;6.92873;Optimal;Optimal;Panas
09.26.14;33.87188;1132.67212;6.92938;Optimal;Optimal;Panas
09.28.14;33.8125;1131.18542;6.92987;Optimal;Optimal;Panas
09.30.15;33.76875;1143.01599;6.93139;Optimal;Optimal;Panas
09.32.15;33.71875;1146.30408;6.92881;Optimal;Optimal;Panas
09.34.15;33.68438;1134.84851;6.92869;Optimal;Optimal;Panas
09.36.16;33.68438;1126.57874;6.93078;Optimal;Optimal;Panas
09.38.16;33.75;1050.45654;6.92951;Optimal;Optimal;Panas
09.40.16;33.825;1049.44409;6.92861;Optimal;Optimal;Panas
09.42.17;33.9375;1044.84607;6.92836;Optimal;Optimal;Panas
09.44.17;34.04063;1041.60083;6.92885;Optimal;Optimal;Panas
09.46.18;34.125;1036.66382;6.93059;Optimal;Optimal;Panas
09.48.18;34.24375;1034.09143;6.93134;Optimal;Optimal;Panas
09.50.19;34.34687;1033.35095;6.93169;Optimal;Optimal;Panas
09.52.19;34.44375;1028.44714;6.93339;Optimal;Optimal;Panas
09.54.20;34.5625;1017.11487;6.93285;Optimal;Optimal;Panas
09.56.20;34.6125;1098.10974;6.93178;Optimal;Optimal;Panas
09.58.21;34.62188;1025.4635;6.9311;Optimal;Optimal;Panas
10.00.21;34.59687;1096.82788;6.93463;Optimal;Optimal;Panas
10.02.22;34.6875;1021.71716;6.93304;Optimal;Optimal;Panas
10.04.22;34.75;1025.83215;6.9361;Optimal;Optimal;Panas
10.06.22;34.81875;1017.20813;6.93192;Optimal;Optimal;Panas
10.08.22;34.875;1072.00159;6.93299;Optimal;Optimal;Panas
10.10.23;34.9375;1024.22339;6.93328;Optimal;Optimal;Panas
10.12.24;35.00312;1026.82349;6.93395;Optimal;Optimal;Panas
10.14.24;35.0625;1022.40808;6.93275;Optimal;Optimal;Panas
10.16.25;35.13438;735.9455;6.93252;Optimal;Rendah;Panas
10.18.25;35.19062;745.12579;6.93124;Optimal;Rendah;Panas
10.20.26;35.25;1018.80634;6.93225;Optimal;Optimal;Panas
10.22.26;35.34687;737.16315;6.93331;Optimal;Rendah;Panas
10.24.26;35.42812;743.34827;6.93249;Optimal;Rendah;Panas
10.26.27;35.40313;1087.43201;6.93349;Optimal;Optimal;Panas
10.28.27;35.37812;1110.74329;6.9344;Optimal;Optimal;Panas
10.30.27;35.32188;1100.23364;6.93482;Optimal;Optimal;Panas
10.32.27;35.25938;1098.00195;6.93484;Optimal;Optimal;Panas
10.34.28;35.2;1107.26855;6.93406;Optimal;Optimal;Panas
10.36.28;35.17188;1118.30396;6.93472;Optimal;Optimal;Panas
10.38.28;35.11562;1116.53931;6.93445;Optimal;Optimal;Panas
10.40.28;35.05938;1126.28296;6.93243;Optimal;Optimal;Panas
10.42.30;35.0125;1074.35242;6.93257;Optimal;Optimal;Panas
10.44.30;35.0625;1019.20007;6.93189;Optimal;Optimal;Panas
10.46.30;35.12188;743.40863;6.93378;Optimal;Rendah;Panas
10.48.31;35.14687;745.58356;6.93395;Optimal;Rendah;Panas
10.50.33;35.15625;1099.78711;6.93324;Optimal;Optimal;Panas
10.52.32;35.125;1112.21143;6.93191;Optimal;Optimal;Panas
10.54.32;35.07812;1110.38342;6.93267;Optimal;Optimal;Panas
10.56.32;35.05938;1111.20483;6.93371;Optimal;Optimal;Panas
10.58.32;35.075;1017.13153;6.93187;Optimal;Optimal;Panas
11.00.33;35.06875;1110.41638;6.93455;Optimal;Optimal;Panas
11.02.33;35.025;1130.8031;6.93274;Optimal;Optimal;Panas
11.04.34;34.98438;1115.56677;6.93222;Optimal;Optimal;Panas
11.06.34;35.0125;1020.32001;6.93281;Optimal;Optimal;Panas
11.08.34;35.05938;743.95782;6.93346;Optimal;Rendah;Panas
11.10.36;35.07812;740.59052;6.93143;Optimal;Rendah;Panas
11.12.38;35.125;1018.34491;6.93256;Optimal;Optimal;Panas
11.14.37;35.15625;742.68097;6.9323;Optimal;Rendah;Panas
11.16.37;35.1875;738.82178;6.9317;Optimal;Rendah;Panas
11.18.38;35.23438;741.52332;6.93257;Optimal;Rendah;Panas
11.20.39;35.25938;741.64514;6.93418;Optimal;Rendah;Panas
11.22.39;35.3125;740.8006;6.93081;Optimal;Rendah;Panas
11.24.40;35.3125;741.66498;6.93263;Optimal;Rendah;Panas
11.26.41;35.34063;737.09259;6.93296;Optimal;Rendah;Panas
11.28.41;35.375;733.02936;6.93617;Optimal;Rendah;Panas
11.30.41;35.375;739.33374;6.93198;Optimal;Rendah;Panas
11.32.42;35.4125;737.16656;6.93217;Optimal;Rendah;Panas
11.34.42;35.43438;730.35992;6.93359;Optimal;Rendah;Panas
11.36.42;35.44062;732.88403;6.93639;Optimal;Rendah;Panas
11.38.44;35.46875;743.31354;6.93611;Optimal;Rendah;Panas
11.40.44;35.49062;745.84686;6.93375;Optimal;Rendah;Panas
11.42.44;35.5;1023.37109;6.93354;Optimal;Optimal;Panas
11.44.46;35.525;738.67407;6.93457;Optimal;Rendah;Panas
11.46.46;35.5625;740.08801;6.93654;Optimal;Rendah;Panas
11.48.46;35.56562;738.56903;6.93618;Optimal;Rendah;Panas
11.50.47;35.575;735.26782;6.93846;Optimal;Rendah;Panas
11.52.48;35.5875;741.73877;6.93676;Optimal;Rendah;Panas
11.54.48;35.57188;1114.55029;6.9356;Optimal;Optimal;Panas
11.56.49;35.58125;1019.40637;6.93485;Optimal;Optimal;Panas
11.58.50;35.57188;745.07007;6.93436;Optimal;Rendah;Panas
12.00.51;35.5625;1116.4884;6.93466;Optimal;Optimal;Panas
12.02.51;35.53125;740.71594;6.93465;Optimal;Rendah;Panas
12.04.51;35.54063;742.06934;6.93557;Optimal;Rendah;Panas
12.06.55;35.55938;738.53821;6.9335;Optimal;Rendah;Panas
12.08.56;35.55938;740.16315;6.93573;Optimal;Rendah;Panas
12.10.56;35.57812;741.0199;6.93602;Optimal;Rendah;Panas
12.12.56;35.625;732.97174;6.93679;Optimal;Rendah;Panas
12.14.57;35.625;739.76807;6.93609;Optimal;Rendah;Panas
12.16.59;35.62812;734.91541;6.93558;Optimal;Rendah;Panas
12.18.57;35.6875;732.2168;6.93574;Optimal;Rendah;Panas
12.20.58;35.68438;1105.54102;6.93709;Optimal;Optimal;Panas
12.22.59;35.67188;1101.49487;6.93646;Optimal;Optimal;Panas
12.24.58;35.6375;1085.43628;6.93815;Optimal;Optimal;Panas
12.26.59;35.625;1082.96082;6.93611;Optimal;Optimal;Panas
12.28.59;35.625;735.60596;6.93622;Optimal;Rendah;Panas
12.31.00;35.6375;1034.43701;6.93561;Optimal;Optimal;Panas
12.33.00;35.625;1103.60425;6.93771;Optimal;Optimal;Panas
12.35.01;35.61875;1099.50159;6.93851;Optimal;Optimal;Panas
12.37.01;35.59063;1087.44214;6.93624;Optimal;Optimal;Panas
12.39.02;35.5625;1086.3894;6.93658;Optimal;Optimal;Panas
12.41.02;35.55625;1086.95874;6.93574;Optimal;Optimal;Panas
12.43.02;35.5625;742.61823;6.93529;Optimal;Rendah;Panas
12.45.03;35.60313;735.36938;6.93567;Optimal;Rendah;Panas
12.47.03;35.625;1066.65491;6.93557;Optimal;Optimal;Panas
12.49.03;35.61562;1100.05835;6.93668;Optimal;Optimal;Panas
12.51.05;35.59375;742.88623;6.93725;Optimal;Rendah;Panas
12.53.07;35.575;1124.85571;6.9346;Optimal;Optimal;Panas
12.55.06;35.5625;1097.13989;6.93455;Optimal;Optimal;Panas
12.57.06;35.50312;1110.29785;6.93706;Optimal;Optimal;Panas
12.59.07;35.50312;739.3526;6.93609;Optimal;Rendah;Panas
13.01.08;35.55938;743.74768;6.93318;Optimal;Rendah;Panas
13.03.09;35.5625;1120.0946;6.93443;Optimal;Optimal;Panas
13.05.09;35.51562;1118.28857;6.9339;Optimal;Optimal;Panas
13.07.09;35.53437;739.82538;6.93297;Optimal;Rendah;Panas
13.09.11;35.57812;744.73212;6.93408;Optimal;Rendah;Panas
13.11.10;35.625;743.96716;6.93428;Optimal;Rendah;Panas
13.13.10;35.6875;736.85663;6.93515;Optimal;Rendah;Panas
13.15.34;35.75625;738.32709;6.93445;Optimal;Rendah;Panas
13.17.34;35.78125;1126.93506;6.93296;Optimal;Optimal;Panas
13.19.35;35.76875;1132.78833;6.93425;Optimal;Optimal;Panas
13.21.35;35.8125;741.88208;6.9358;Optimal;Rendah;Panas
13.23.35;35.89062;739.69537;6.93316;Optimal;Rendah;Panas
13.25.35;35.95937;741.37573;6.93363;Optimal;Rendah;Panas
13.27.36;36.05625;741.37958;6.93332;Optimal;Rendah;Panas
13.29.36;36.12188;740.25336;6.93214;Optimal;Rendah;Panas
13.31.37;36.1875;734.50653;6.93275;Optimal;Rendah;Panas
13.33.37;36.20625;1129.05396;6.93298;Optimal;Optimal;Panas
13.35.39;36.1875;1117.66321;6.93465;Optimal;Optimal;Panas
13.37.38;36.16875;1111.18713;6.9336;Optimal;Optimal;Panas
13.39.38;36.20312;738.89417;6.93333;Optimal;Rendah;Panas
13.41.39;36.25;1020.24982;6.93425;Optimal;Optimal;Panas
13.43.39;36.25625;1117.81494;6.93229;Optimal;Optimal;Panas
13.45.40;36.24375;1129.89124;6.9345;Optimal;Optimal;Panas
13.47.40;36.1875;1137.75867;6.93506;Optimal;Optimal;Panas
13.49.40;36.125;1126.43115;6.93303;Optimal;Optimal;Panas
13.51.40;36.06562;1119.02661;6.93401;Optimal;Optimal;Panas
13.53.40;36.03437;1108.23218;6.93187;Optimal;Optimal;Panas
13.55.41;35.99062;1114.5614;6.93312;Optimal;Optimal;Panas
13.57.41;35.9375;1125.17249;6.93405;Optimal;Optimal;Panas
13.59.42;35.96875;745.72308;6.93457;Optimal;Rendah;Panas
14.01.43;35.9875;1086.61096;6.93465;Optimal;Optimal;Panas
14.03.43;35.93438;1175.36853;6.93216;Optimal;Optimal;Panas
14.05.43;35.85625;1135.42395;6.93524;Optimal;Optimal;Panas
14.07.43;35.78437;1146.65894;6.93611;Optimal;Optimal;Panas
14.09.45;35.70937;1196.23901;6.93511;Optimal;Optimal;Panas
14.11.44;35.64062;1188.89954;6.93514;Optimal;Optimal;Panas
14.13.44;35.5625;1193.59253;6.9345;Optimal;Optimal;Panas
14.15.45;35.5;1198.06543;6.93439;Optimal;Optimal;Panas
14.17.46;35.43438;1207.1521;6.93509;Optimal;Optimal;Panas
14.19.45;35.375;1210.92554;6.93476;Optimal;Optimal;Panas
14.21.46;35.30625;1212.56677;6.93451;Optimal;Optimal;Panas
14.23.47;35.22813;1212.37183;6.93519;Optimal;Optimal;Panas
14.25.47;35.15313;1214.03479;6.93434;Optimal;Optimal;Panas
14.27.47;35.06562;1210.89709;6.93338;Optimal;Optimal;Panas
14.29.48;35;1203.51489;6.93375;Optimal;Optimal;Panas
14.31.50;34.9375;1212.82593;6.93225;Optimal;Optimal;Panas
14.33.50;34.8625;1207.44409;6.93397;Optimal;Optimal;Panas
14.35.51;34.7875;1207.85242;6.9314;Optimal;Optimal;Panas
14.37.52;34.7;1232.96008;6.92997;Optimal;Optimal;Panas
14.39.53;34.61875;1243.63464;6.93121;Optimal;Optimal;Panas
14.41.52;34.55312;1248.44983;6.93207;Optimal;Optimal;Panas
14.43.53;34.48438;1234.56006;6.93375;Optimal;Optimal;Panas
14.45.53;34.40937;1236.20312;6.93405;Optimal;Optimal;Panas
14.47.53;34.33125;1217.67834;6.9342;Optimal;Optimal;Panas
14.49.53;34.26562;1234.47534;6.93286;Optimal;Optimal;Panas
14.51.54;34.19375;1230.2738;6.93345;Optimal;Optimal;Panas
14.53.54;34.13125;1220.90723;6.93392;Optimal;Optimal;Panas
14.55.55;34.06875;1229.04358;6.9357;Optimal;Optimal;Panas
14.57.55;34;1233.46912;6.93537;Optimal;Optimal;Panas
14.59.56;33.9375;1259.70337;6.93359;Optimal;Optimal;Panas
15.01.56;33.87812;1258.74622;6.93309;Optimal;Optimal;Panas
15.03.56;33.8125;1265.90369;6.93343;Optimal;Optimal;Panas
15.05.57;33.73438;1242.83484;6.9347;Optimal;Optimal;Panas
15.07.57;33.66563;1244.30835;6.93403;Optimal;Optimal;Panas
15.09.57;33.625;1257.46985;6.92959;Optimal;Optimal;Panas
15.11.58;33.56562;1274.86121;6.93034;Optimal;Optimal;Panas
15.13.59;33.50312;1274.37292;6.9309;Optimal;Optimal;Panas
15.15.59;33.4375;1288.64941;6.93145;Optimal;Optimal;Panas
15.17.59;33.36875;1284.62671;6.93196;Optimal;Optimal;Panas
15.20.01;33.29375;1295.09607;6.9324;Optimal;Optimal;Panas
15.22.00;33.25;1263.47339;6.93162;Optimal;Optimal;Panas
15.24.00;33.18438;1248.50049;6.93212;Optimal;Optimal;Panas
15.26.02;33.10625;1263.86572;6.93125;Optimal;Optimal;Panas
15.30.01;32.99688;1264.26831;6.93112;Optimal;Optimal;Panas
15.32.01;32.94375;1254.2926;6.93243;Optimal;Optimal;Panas
15.34.02;32.89062;1242.0752;6.93084;Optimal;Optimal;Panas
15.36.02;32.825;1247.8844;6.93109;Optimal;Optimal;Panas
15.38.03;32.78125;1266.54565;6.93414;Optimal;Optimal;Panas
15.40.04;32.74688;1263.35461;6.93278;Optimal;Optimal;Panas
15.42.04;32.68438;1250.85522;6.93151;Optimal;Optimal;Panas
15.44.04;32.63438;1247.87573;6.93464;Optimal;Optimal;Panas
15.46.06;32.56875;1258.229;6.9332;Optimal;Optimal;Panas
15.48.05;32.5375;1268.71667;6.93353;Optimal;Optimal;Panas
15.50.05;32.5;1277.95959;6.9325;Optimal;Optimal;Panas
15.52.05;32.4375;1280.47302;6.93144;Optimal;Optimal;Panas
15.54.06;32.40625;1267.39868;6.93258;Optimal;Optimal;Panas
15.56.06;32.36875;1256.79224;6.93407;Optimal;Optimal;Panas
15.58.07;32.3125;1269.05286;6.93434;Optimal;Optimal;Panas
16.00.09;32.25938;1395.96326;6.9323;Optimal;Optimal;Panas
16.02.09;32.24062;1281.78247;6.93282;Optimal;Optimal;Panas
16.04.09;32.1875;1288.65332;6.93337;Optimal;Optimal;Panas
16.06.09;32.12812;1283.00586;6.9326;Optimal;Optimal;Panas
16.08.09;32.08125;1277.4187;6.92877;Optimal;Optimal;Panas
16.10.09;32.04688;1270.74377;6.93235;Optimal;Optimal;Panas
16.12.09;32;1266.96155;6.93088;Optimal;Optimal;Panas
16.14.12;31.94375;1260.6604;6.9307;Optimal;Optimal;Panas
16.16.10;31.93438;1247.20459;6.93382;Optimal;Optimal;Panas
16.18.11;31.88437;1253.3064;6.93246;Optimal;Optimal;Panas
16.20.11;31.875;1256.43872;6.9339;Optimal;Optimal;Panas
16.22.12;31.81875;1260.96436;6.93219;Optimal;Optimal;Panas
16.24.12;31.80938;1267.85669;6.93167;Optimal;Optimal;Panas
16.26.13;31.75;1278.26648;6.93115;Optimal;Optimal;Panas
16.28.14;31.73125;1283.93433;6.92963;Optimal;Optimal;Panas
16.30.14;31.69062;1292.45349;6.92991;Optimal;Optimal;Panas
16.32.14;31.64062;1299.30188;6.9329;Optimal;Optimal;Panas
16.34.15;31.625;1303.78052;6.93156;Optimal;Optimal;Panas
16.36.16;31.56875;1305.10547;6.93203;Optimal;Optimal;Panas
16.38.16;31.53125;1312.51978;6.93292;Optimal;Optimal;Panas
16.40.16;31.49688;1318.14124;6.93231;Optimal;Optimal;Panas
16.42.17;31.44687;1320.17517;6.93393;Optimal;Optimal;Panas
16.44.18;31.42813;1323.70435;6.93286;Optimal;Optimal;Panas
16.46.18;31.37812;1328.75;6.93269;Optimal;Optimal;Panas
16.48.18;31.37188;1332.54419;6.93358;Optimal;Optimal;Panas
16.50.20;31.3125;1339.53442;6.93266;Optimal;Optimal;Panas
16.52.20;31.30313;1344.63721;6.93102;Optimal;Optimal;Panas
16.54.21;31.25312;1356.05713;6.93102;Optimal;Optimal;Panas
16.56.22;31.23125;1364.06494;6.93279;Optimal;Optimal;Panas
16.58.21;31.1875;1371.07385;6.93342;Optimal;Optimal;Panas
17.00.21;31.15937;1374.70398;6.93527;Optimal;Optimal;Panas
17.02.23;31.125;1376.33582;6.93265;Optimal;Optimal;Panas
17.04.22;31.11563;1353.97876;6.9321;Optimal;Optimal;Panas
17.06.22;31.0625;1361.98645;6.931;Optimal;Optimal;Panas
17.08.22;31.05938;1366.92126;6.93044;Optimal;Optimal;Panas
17.10.23;31.00625;1369.35962;6.93221;Optimal;Optimal;Panas
17.12.23;31;1368.125;6.9303;Optimal;Optimal;Panas
17.14.23;30.9375;1372.60474;6.93067;Optimal;Optimal;Panas
17.16.24;30.9375;1381.23523;6.93087;Optimal;Optimal;Panas
17.18.24;30.8875;1385.58044;6.93101;Optimal;Optimal;Panas
17.20.24;30.82812;1392.56152;6.93214;Optimal;Optimal;Panas
17.22.24;30.80938;1396.21436;6.93204;Optimal;Optimal;Panas
17.24.24;30.7875;1397.80005;6.93117;Optimal;Optimal;Panas
17.26.25;30.75625;1399.00439;6.93174;Optimal;Optimal;Panas
17.28.25;30.75;1400.65735;6.93189;Optimal;Optimal;Panas
17.30.27;30.71875;1492.23169;6.93037;Optimal;Optimal;Panas
17.32.26;30.69062;1402.56372;6.93252;Optimal;Optimal;Panas
17.34.26;30.6875;1403.10278;6.93137;Optimal;Optimal;Panas
17.36.27;30.64375;1403.66077;6.93219;Optimal;Optimal;Panas
17.38.27;30.60938;1403.68799;6.93277;Optimal;Optimal;Panas
17.40.27;30.56875;1403.4679;6.93392;Optimal;Optimal;Panas
17.42.28;30.55;1404.81799;6.93278;Optimal;Optimal;Panas
17.44.28;30.50625;1405.65955;6.93576;Optimal;Optimal;Panas
17.46.29;30.46563;1406.6571;6.93571;Optimal;Optimal;Panas
17.48.29;30.4375;1407.02551;6.93307;Optimal;Optimal;Panas
17.50.30;30.38437;1411.65454;6.93496;Optimal;Optimal;Panas
17.52.29;30.375;1412.74146;6.93252;Optimal;Optimal;Panas
17.54.30;30.31875;1412.28796;6.93496;Optimal;Optimal;Panas
17.56.29;30.3;1407.30908;6.93145;Optimal;Optimal;Panas
17.58.28;30.25312;1406.26062;6.93295;Optimal;Optimal;Panas
18.00.30;30.23125;1405.49561;6.93163;Optimal;Optimal;Panas
18.02.30;30.19375;1408.98462;6.93334;Optimal;Optimal;Panas
18.04.31;30.1875;1408.63062;6.93431;Optimal;Optimal;Panas
18.06.31;30.17813;1408.89966;6.93253;Optimal;Optimal;Panas
18.08.33;30.125;1407.14539;6.93335;Optimal;Optimal;Panas
18.10.32;30.0625;1409.29736;6.93159;Optimal;Optimal;Panas
18.12.32;30.01875;1409.61914;6.93245;Optimal;Optimal;Panas
18.14.33;30.00312;1412.39441;6.93307;Optimal;Optimal;Panas
18.16.33;29.96875;1412.06873;6.93237;Optimal;Optimal;Optimal
18.18.40;29.92813;1413.87634;6.9331;Optimal;Optimal;Optimal
18.20.33;29.9125;1416.74243;6.93218;Optimal;Optimal;Optimal
18.22.33;29.87812;1416.08972;6.93165;Optimal;Optimal;Optimal
18.24.33;29.875;1417.62988;6.93094;Optimal;Optimal;Optimal
18.26.34;29.86563;1411.62305;6.92919;Optimal;Optimal;Optimal
18.28.34;29.82187;1415.30457;6.93218;Optimal;Optimal;Optimal
18.30.36;29.8125;1415.85889;6.93199;Optimal;Optimal;Optimal
18.32.35;29.75;1415.78796;6.93043;Optimal;Optimal;Optimal
18.34.35;29.75312;1417.39905;6.93053;Optimal;Optimal;Optimal
18.36.36;29.72812;1413.0625;6.93034;Optimal;Optimal;Optimal
18.38.36;29.69375;1411.33582;6.92976;Optimal;Optimal;Optimal
18.40.36;29.6875;1412.58838;6.93163;Optimal;Optimal;Optimal
18.42.36;29.64688;1413.46985;6.93206;Optimal;Optimal;Optimal
18.44.37;29.61875;1414.16882;6.93222;Optimal;Optimal;Optimal
18.46.37;29.5625;1484.69727;6.92972;Optimal;Optimal;Optimal
18.48.38;29.55;1413.33887;6.93015;Optimal;Optimal;Optimal
18.50.40;29.50312;1418.0907;6.9328;Optimal;Optimal;Optimal
18.52.39;29.49688;1413.47485;6.92941;Optimal;Optimal;Optimal
18.54.39;29.44687;1416.99097;6.93002;Optimal;Optimal;Optimal
18.56.40;29.44687;1418.18347;6.93219;Optimal;Optimal;Optimal
18.58.40;29.4375;1417.7688;6.93173;Optimal;Optimal;Optimal
19.00.41;29.43125;1415.625;6.9323;Optimal;Optimal;Optimal
19.02.41;29.39375;1417.81116;6.93244;Optimal;Optimal;Optimal
19.04.42;29.375;1416.0415;6.93194;Optimal;Optimal;Optimal
19.06.42;29.34375;1415.97192;6.93068;Optimal;Optimal;Optimal
19.08.42;29.34687;1415.63257;6.93127;Optimal;Optimal;Optimal
19.12.42;21.4875;1454.19006;6.93234;Optimal;Optimal;Dingin
19.14.43;29.2625;1415.99719;6.93327;Optimal;Optimal;Optimal
19.16.44;29.25;1418.31641;6.93365;Optimal;Optimal;Optimal
19.18.45;29.25;1414.73486;6.93359;Optimal;Optimal;Optimal
19.20.45;29.24063;1416.56824;6.93288;Optimal;Optimal;Optimal
19.22.46;29.2;1417.87476;6.93232;Optimal;Optimal;Optimal
19.24.45;29.1875;1416.59729;6.93235;Optimal;Optimal;Optimal
19.26.47;29.16562;1412.88501;6.93148;Optimal;Optimal;Optimal
19.28.46;21.35;1640.1897;6.93131;Optimal;Optimal;Dingin
19.30.46;29.13125;1413.20679;6.93572;Optimal;Optimal;Optimal
19.32.45;29.11563;1413.21387;6.9327;Optimal;Optimal;Optimal
19.34.47;29.10312;1518.93872;6.93226;Optimal;Optimal;Optimal
19.36.48;29.0625;1411.35327;6.93406;Optimal;Optimal;Optimal
19.38.47;29.0625;1397.5968;6.93347;Optimal;Optimal;Optimal
19.40.47;29.04688;1409.00635;6.93534;Optimal;Optimal;Optimal
19.42.47;29.0125;1383.349;6.9344;Optimal;Optimal;Optimal
19.44.47;29.00312;1394.31458;6.935;Optimal;Optimal;Optimal
19.46.47;29;1389.1106;6.93132;Optimal;Optimal;Optimal
19.48.48;29;1389.98999;6.93235;Optimal;Optimal;Optimal
19.50.48;28.975;1392.81909;6.93119;Optimal;Optimal;Optimal
19.52.48;28.94375;1393.70764;6.93315;Optimal;Optimal;Optimal
19.54.48;28.94062;1395.4187;6.93345;Optimal;Optimal;Optimal
19.56.49;28.9375;1396.1875;6.93512;Optimal;Optimal;Optimal
19.58.49;28.91875;1397.63989;6.93333;Optimal;Optimal;Optimal
20.00.49;28.89688;1400.20239;6.93292;Optimal;Optimal;Optimal
20.02.49;28.875;1399.46265;6.93515;Optimal;Optimal;Optimal
20.04.49;28.875;1400.47681;6.93426;Optimal;Optimal;Optimal
20.06.49;28.86875;1401.53149;6.93541;Optimal;Optimal;Optimal
20.08.50;28.8625;1399.85913;6.93656;Optimal;Optimal;Optimal
20.10.50;28.82812;1402.46631;6.93639;Optimal;Optimal;Optimal
20.12.52;28.81875;1401.18286;6.93628;Optimal;Optimal;Optimal
20.14.52;28.81562;1399.59827;6.93559;Optimal;Optimal;Optimal
20.16.51;28.8125;1398.61877;6.93741;Optimal;Optimal;Optimal
20.18.51;28.8125;1400.64539;6.93407;Optimal;Optimal;Optimal
20.20.52;28.75937;1398.53064;6.93424;Optimal;Optimal;Optimal
20.22.53;28.74688;1398.03088;6.93454;Optimal;Optimal;Optimal
20.24.54;28.74063;1397.35913;6.936;Optimal;Optimal;Optimal
20.26.55;28.71875;1397.5105;6.93366;Optimal;Optimal;Optimal
20.28.54;28.6875;1396.51367;6.93207;Optimal;Optimal;Optimal
20.30.54;28.68438;1396.69043;6.93362;Optimal;Optimal;Optimal
20.32.56;28.65625;1399.78711;6.9322;Optimal;Optimal;Optimal
20.34.56;28.63437;1397.64624;6.93258;Optimal;Optimal;Optimal
20.36.55;28.625;1396.12012;6.93211;Optimal;Optimal;Optimal
20.38.56;28.62188;1396.74976;6.9323;Optimal;Optimal;Optimal
20.40.56;28.58125;1395.64307;6.93273;Optimal;Optimal;Optimal
20.42.57;28.56875;1396.79028;6.93186;Optimal;Optimal;Optimal
20.44.57;28.55938;1397.26331;6.93333;Optimal;Optimal;Optimal
20.46.58;28.5375;1397.14795;6.9307;Optimal;Optimal;Optimal
20.48.58;28.51875;1388.55139;6.93014;Optimal;Optimal;Optimal
20.50.58;28.5;1396.25098;6.92898;Optimal;Optimal;Optimal
20.52.58;28.5;1399.47339;6.93026;Optimal;Optimal;Optimal
20.54.58;28.46875;1400.46643;6.92966;Optimal;Optimal;Optimal
20.57.00;28.46563;1400.02515;6.93163;Optimal;Optimal;Optimal
20.58.58;28.44375;1404.38696;6.93015;Optimal;Optimal;Optimal
21.00.58;28.4375;1403.32727;6.93089;Optimal;Optimal;Optimal
21.03.01;28.43125;1402.36682;6.93117;Optimal;Optimal;Optimal
21.04.59;28.41562;1404.08228;6.92999;Optimal;Optimal;Optimal
21.06.59;28.3875;1403.92993;6.93151;Optimal;Optimal;Optimal
21.08.59;28.375;1404.01831;6.92901;Optimal;Optimal;Optimal
21.11.02;28.3625;1402.79785;6.93091;Optimal;Optimal;Optimal
21.13.02;28.35312;1404.48267;6.93086;Optimal;Optimal;Optimal
21.15.02;28.33438;1405.56921;6.93073;Optimal;Optimal;Optimal
21.17.02;28.325;1402.83606;6.93129;Optimal;Optimal;Optimal
21.19.02;28.3125;1402.50159;6.93004;Optimal;Optimal;Optimal
21.21.02;28.30938;1402.79614;6.93037;Optimal;Optimal;Optimal
21.23.02;28.29688;1406.81226;6.93117;Optimal;Optimal;Optimal
21.25.03;28.29688;1406.75024;6.92996;Optimal;Optimal;Optimal
21.27.04;28.27188;1404.8999;6.93136;Optimal;Optimal;Optimal
21.29.04;28.25;1403.10474;6.932;Optimal;Optimal;Optimal
21.31.03;28.25;1403.177;6.93023;Optimal;Optimal;Optimal
21.33.03;28.24375;1402.27722;6.93266;Optimal;Optimal;Optimal
21.35.03;28.25;1401.77917;6.93267;Optimal;Optimal;Optimal
21.37.03;28.25;1403.49731;6.93171;Optimal;Optimal;Optimal
21.39.07;28.225;1401.65918;6.93176;Optimal;Optimal;Optimal
21.41.06;28.2;1402.89172;6.93327;Optimal;Optimal;Optimal
21.43.06;28.1875;1401.21216;6.93316;Optimal;Optimal;Optimal
21.45.06;28.1875;1403.30151;6.9325;Optimal;Optimal;Optimal
21.47.06;28.175;1399.62598;6.93318;Optimal;Optimal;Optimal
21.49.08;28.15937;1396.92334;6.93268;Optimal;Optimal;Optimal
21.51.08;28.16875;1396.97778;6.9323;Optimal;Optimal;Optimal
21.53.09;28.125;1398.30505;6.93331;Optimal;Optimal;Optimal
21.55.09;28.125;1398.53577;6.93143;Optimal;Optimal;Optimal
21.57.10;28.11875;1400.39087;6.93236;Optimal;Optimal;Optimal
21.59.09;28.125;1400.28784;6.93138;Optimal;Optimal;Optimal
22.01.09;28.125;1397.47729;6.93215;Optimal;Optimal;Optimal
22.03.09;28.125;1401.85535;6.93055;Optimal;Optimal;Optimal
22.05.11;28.10312;1400.78467;6.93153;Optimal;Optimal;Optimal
22.07.10;28.0875;1398.45984;6.93141;Optimal;Optimal;Optimal
22.09.10;28.07187;1397.59424;6.93193;Optimal;Optimal;Optimal
22.11.10;28.05938;1399.09692;6.93195;Optimal;Optimal;Optimal
22.13.11;28.0625;1399.95129;6.9322;Optimal;Optimal;Optimal
22.15.11;28.05625;1394.61548;6.93109;Optimal;Optimal;Optimal
22.17.12;28.05313;1396.37866;6.9308;Optimal;Optimal;Optimal
22.19.11;28.02188;1395.54016;6.93156;Optimal;Optimal;Optimal
22.21.12;28.00312;1397.43616;6.93001;Optimal;Optimal;Optimal
22.23.12;27.99063;1396.71741;6.93247;Optimal;Optimal;Optimal
22.25.13;27.9875;1397.41614;6.93151;Optimal;Optimal;Optimal
22.27.13;27.97812;1398.77588;6.93069;Optimal;Optimal;Optimal
22.29.14;27.95625;1398.19727;6.93046;Optimal;Optimal;Optimal
22.31.14;27.94687;1398.50354;6.93237;Optimal;Optimal;Optimal
22.33.14;27.9375;1397.35181;6.93237;Optimal;Optimal;Optimal
22.35.14;27.9375;1397.29224;6.93202;Optimal;Optimal;Optimal
22.37.13;27.9375;1397.90417;6.93321;Optimal;Optimal;Optimal
22.39.14;27.92813;1395.65747;6.93493;Optimal;Optimal;Optimal
22.41.15;27.91875;1395.56067;6.93363;Optimal;Optimal;Optimal
22.43.15;27.90313;1396.35425;6.93351;Optimal;Optimal;Optimal
22.45.15;27.875;1393.43872;6.93402;Optimal;Optimal;Optimal
22.47.15;27.875;1392.02075;6.9334;Optimal;Optimal;Optimal
22.49.15;27.86563;1394.53796;6.9344;Optimal;Optimal;Optimal
22.51.15;27.87188;1393.46021;6.93489;Optimal;Optimal;Optimal
22.53.16;27.86875;1392.34692;6.93511;Optimal;Optimal;Optimal
22.55.16;27.85938;1393.58691;6.93249;Optimal;Optimal;Optimal
22.57.18;27.86563;1394.51917;6.93281;Optimal;Optimal;Optimal
22.59.18;27.83438;1394.19324;6.93124;Optimal;Optimal;Optimal
23.01.18;27.825;1393.96289;6.93111;Optimal;Optimal;Optimal
23.03.19;27.8375;1396.38879;6.93279;Optimal;Optimal;Optimal
23.05.18;27.81562;1396.91553;6.9308;Optimal;Optimal;Optimal
23.07.18;27.8125;1397.04907;6.93161;Optimal;Optimal;Optimal
23.09.19;27.8125;1396.05103;6.9321;Optimal;Optimal;Optimal
23.11.19;27.8125;1397.20166;6.9308;Optimal;Optimal;Optimal
23.13.18;27.79375;1393.51819;6.93107;Optimal;Optimal;Optimal
23.15.19;27.75937;1394.78979;6.93154;Optimal;Optimal;Optimal
23.17.19;27.75;1395.81909;6.92902;Optimal;Optimal;Optimal
23.19.20;27.75;1394.625;6.93144;Optimal;Optimal;Optimal
23.21.20;27.73125;1397.04395;6.9304;Optimal;Optimal;Optimal
23.23.23;27.725;1396.73401;6.93113;Optimal;Optimal;Optimal
23.25.20;27.70312;1394.76392;6.92913;Optimal;Optimal;Optimal
23.27.20;27.68438;1391.38525;6.92916;Optimal;Optimal;Optimal
23.29.21;27.6875;1391.38416;6.93137;Optimal;Optimal;Optimal
23.31.22;27.65937;1393.38586;6.92986;Optimal;Optimal;Optimal
23.33.21;27.625;1397.38794;6.93235;Optimal;Optimal;Optimal
23.35.22;27.63437;1397.39783;6.9326;Optimal;Optimal;Optimal
23.37.21;27.62188;1398.60852;6.93172;Optimal;Optimal;Optimal
23.39.22;27.62812;1398.50159;6.93144;Optimal;Optimal;Optimal
23.41.22;27.62188;1393.71143;6.93181;Optimal;Optimal;Optimal
23.43.22;27.60625;1391.10889;6.93308;Optimal;Optimal;Optimal
23.45.23;27.5875;1390.97681;6.93231;Optimal;Optimal;Optimal
23.47.22;27.58125;1387.85181;6.93307;Optimal;Optimal;Optimal
23.49.23;27.56875;1384.64233;6.93322;Optimal;Optimal;Optimal
23.51.24;27.5625;1386.45996;6.93149;Optimal;Optimal;Optimal
23.53.25;27.53125;1386.43274;6.93513;Optimal;Optimal;Optimal
23.55.24;27.5125;1392.95837;6.93361;Optimal;Optimal;Optimal
23.57.25;27.50625;1394.27954;6.93298;Optimal;Optimal;Optimal
23.59.25;27.49063;1395.49438;6.93311;Optimal;Optimal;Optimal